{
  "emission-only": {
    "jump_per_ep": 22.0,
    "uniq_per_ep": 14.74,
    "corr_mean": 0.7526228048012363,
    "frac_ge_0.7": 0.7
  },
  "light \u03b20.4 back1": {
    "jump_per_ep": 20.12,
    "uniq_per_ep": 14.78,
    "corr_mean": 0.7512736628949253,
    "frac_ge_0.7": 0.66
  },
  "aux \u03b20.6 back3": {
    "jump_per_ep": 19.58,
    "uniq_per_ep": 14.98,
    "corr_mean": 0.7547930886791149,
    "frac_ge_0.7": 0.64
  },
  "heavy \u03b22 back40": {
    "jump_per_ep": 13.66,
    "uniq_per_ep": 14.44,
    "corr_mean": 0.9057280715341613,
    "frac_ge_0.7": 0.92
  }
}