{
  "geometric(down25)": {
    "mean": 0.7595493711484811,
    "median": 0.9205437006129336,
    "frac_ge_0.7": 0.64
  },
  "trans \u03b22.0 back4": {
    "mean": 0.7267448034447684,
    "median": 0.8969388051092969,
    "frac_ge_0.7": 0.62
  },
  "trans \u03b22.0 back10": {
    "mean": 0.7582835819332497,
    "median": 0.9296867177659656,
    "frac_ge_0.7": 0.64
  },
  "trans \u03b22.0 back20": {
    "mean": 0.8174942939761438,
    "median": 0.9549478723343405,
    "frac_ge_0.7": 0.76
  },
  "trans \u03b22.0 back40": {
    "mean": 0.8964299099247355,
    "median": 0.958382146720955,
    "frac_ge_0.7": 0.92
  }
}