{
  "emission-only": {
    "jump_per_ep": 138.875,
    "uniq_per_ep": 46.6,
    "corr_mean": 0.7810678676544731,
    "frac_ge_0.7": 0.8875
  },
  "light \u03b20.4 back1": {
    "jump_per_ep": 111.2125,
    "uniq_per_ep": 46.1125,
    "corr_mean": 0.7805427416789132,
    "frac_ge_0.7": 0.9125
  },
  "aux \u03b20.6 back3": {
    "jump_per_ep": 98.0875,
    "uniq_per_ep": 45.9125,
    "corr_mean": 0.7805201346760475,
    "frac_ge_0.7": 0.875
  },
  "heavy \u03b22 back40": {
    "jump_per_ep": 66.75,
    "uniq_per_ep": 45.375,
    "corr_mean": 0.8466363786529219,
    "frac_ge_0.7": 0.95
  }
}