{"state_01": [-0.7797356843948364, 0.0, -2.332162380218506, -1.5068657398223877, -0.16069063544273376, -0.5018889904022217, 0.00019999999494757503, -0.45565471053123474, 0.0, -2.1146140098571777, -0.3556154668331146, 0.24109701812267303, -0.7944520711898804, 0.0003000000142492354], "state_99": [0.25628724694252014, 2.4817914962768555, -0.4009154438972473, 0.494549959897995, 1.2198771238327026, 1.7707083225250244, 0.06650000065565109, 0.5327013731002808, 2.1916885375976562, -0.44989821314811707, 0.8544594645500183, 1.2210276126861572, 0.12370796501636505, 0.06887999922037125]}