{
  "norm_stats": {
    "state": {
      "mean": [
        -0.07816803615255884,
        1.5593585388121352,
        -1.3217015666346017,
        -0.09307194821507922,
        0.8050137259647021,
        0.028182138203634455,
        0.027210574916230745,
        0.12277229684940348,
        1.4759806367708275,
        -1.4487148390008806,
        0.05897175644119496,
        0.9193479753645138,
        -0.0127872253313372,
        0.035278335198165964,
        0.0,
        0.0,
        0.0,
        0.0,
        0.0,
        0.0,
        0.0,
        0.0,
        0.0,
        0.0,
        0.0,
        0.0,
        0.0,
        0.0,
        0.0,
        0.0,
        0.0,
        0.0
      ],
      "std": [
        0.20147565590819166,
        0.5327235937247339,
        0.48050601506028,
        0.30079729334498556,
        0.24127561766023364,
        0.27274947754437434,
        0.03341947887541507,
        0.17626602873862265,
        0.5670415906825801,
        0.5314469624928162,
        0.28232482173779905,
        0.24002205240228894,
        0.2547289908787843,
        0.03277915169564887,
        0.0,
        0.0,
        0.0,
        0.0,
        0.0,
        0.0,
        0.0,
        0.0,
        0.0,
        0.0,
        0.0,
        0.0,
        0.0,
        0.0,
        0.0,
        0.0,
        0.0,
        0.0
      ],
      "q01": [
        -0.6750346972942352,
        0.0026380768314935264,
        -2.5048526973724368,
        -1.184743337893486,
        0.20843468832969658,
        -0.5267803742885591,
        -0.0011977997653186325,
        -0.1990294940471649,
        0.001218463233672082,
        -2.6751092586186713,
        -0.6401885172843933,
        0.26026065082550054,
        -0.8583110213279723,
        0.00016461995941353968,
        0.0,
        0.0,
        0.0,
        0.0,
        0.0,
        0.0,
        0.0,
        0.0,
        0.0,
        0.0,
        0.0,
        0.0,
        0.0,
        0.0,
        0.0,
        0.0,
        0.0,
        0.0
      ],
      "q99": [
        0.3103039710521698,
        2.4192843115450815,
        -0.5074997763633728,
        0.5832395091772078,
        1.2334307722568512,
        1.0877601835250852,
        0.09939390148259698,
        0.6742894229888916,
        2.464495409415569,
        -0.5015241219012068,
        0.9625548666954042,
        1.2359644390106204,
        0.6114347678661347,
        0.09949509744293755,
        0.0,
        0.0,
        0.0,
        0.0,
        0.0,
        0.0,
        0.0,
        0.0,
        0.0,
        0.0,
        0.0,
        0.0,
        0.0,
        0.0,
        0.0,
        0.0,
        0.0,
        0.0
      ]
    },
    "actions": {
      "mean": [
        -0.07816803615255884,
        1.5593585388121352,
        -1.3217015666346017,
        -0.09307194821507922,
        0.8050137259647021,
        0.028182138203634455,
        0.027210574916230745,
        0.12277229684940348,
        1.4759806367708275,
        -1.4487148390008806,
        0.05897175644119496,
        0.9193479753645138,
        -0.0127872253313372,
        0.035278335198165964,
        0.0,
        0.0,
        0.0,
        0.0,
        0.0,
        0.0,
        0.0,
        0.0,
        0.0,
        0.0,
        0.0,
        0.0,
        0.0,
        0.0,
        0.0,
        0.0,
        0.0,
        0.0
      ],
      "std": [
        0.20147565590819166,
        0.5327235937247339,
        0.48050601506028,
        0.30079729334498556,
        0.24127561766023364,
        0.27274947754437434,
        0.03341947887541507,
        0.17626602873862265,
        0.5670415906825801,
        0.5314469624928162,
        0.28232482173779905,
        0.24002205240228894,
        0.2547289908787843,
        0.03277915169564887,
        0.0,
        0.0,
        0.0,
        0.0,
        0.0,
        0.0,
        0.0,
        0.0,
        0.0,
        0.0,
        0.0,
        0.0,
        0.0,
        0.0,
        0.0,
        0.0,
        0.0,
        0.0
      ],
      "q01": [
        -0.6750346972942352,
        0.0026380768314935264,
        -2.5048526973724368,
        -1.184743337893486,
        0.20843468832969658,
        -0.5267803742885591,
        -0.0011977997653186325,
        -0.1990294940471649,
        0.001218463233672082,
        -2.6751092586186713,
        -0.6401885172843933,
        0.26026065082550054,
        -0.8583110213279723,
        0.00016461995941353968,
        0.0,
        0.0,
        0.0,
        0.0,
        0.0,
        0.0,
        0.0,
        0.0,
        0.0,
        0.0,
        0.0,
        0.0,
        0.0,
        0.0,
        0.0,
        0.0,
        0.0,
        0.0
      ],
      "q99": [
        0.3103039710521698,
        2.4192843115450815,
        -0.5074997763633728,
        0.5832395091772078,
        1.2334307722568512,
        1.0877601835250852,
        0.09939390148259698,
        0.6742894229888916,
        2.464495409415569,
        -0.5015241219012068,
        0.9625548666954042,
        1.2359644390106204,
        0.6114347678661347,
        0.09949509744293755,
        0.0,
        0.0,
        0.0,
        0.0,
        0.0,
        0.0,
        0.0,
        0.0,
        0.0,
        0.0,
        0.0,
        0.0,
        0.0,
        0.0,
        0.0,
        0.0,
        0.0,
        0.0
      ]
    }
  }
}