{
    "action": {
        "mean": [
            0.00013482042552009172,
            0.0001142056579758969,
            -0.00028072854582344303,
            0.99480924231613,
            0.00015633720986148422,
            -0.0001127872522268582,
            0.0004483798550185912,
            0.9950723893450916,
            -2.0952256259632084e-05,
            0.3223676415238902,
            -0.00023671611897448336,
            8.554052389536776e-05,
            -0.000610873882151829,
            0.9915368108421222,
            -0.0005110958948829002,
            -4.836392870537651e-05,
            -0.0006451148180978732,
            0.9919689874245028,
            -1.7664687233473615e-05,
            0.48951057851475005
        ],
        "std": [
            0.014809787969300188,
            0.016449000946931146,
            0.01922544679166799,
            0.03158942729207937,
            0.07395702572128987,
            0.06234556752832311,
            0.0739256476198236,
            0.03005151474584795,
            0.058843969567386196,
            0.4598461776949283,
            0.018189140693652902,
            0.020035796138925435,
            0.024832480963217073,
            0.03958630515017646,
            0.09398344949433864,
            0.08033984388178611,
            0.09400413331983527,
            0.03843871391049653,
            0.07538411896048582,
            0.48772599541777006
        ]
    },
    "state": {
        "mean": [
            0.44465274072201394,
            0.2500244076765114,
            0.01010404534178735,
            -0.7173374493454188,
            -0.28873028247286947,
            -0.3470271523628558,
            0.30110360245474743,
            0.14457894277925779,
            -0.775218628355449,
            38.76845978063994,
            0.4697995391763168,
            -0.25229652076523923,
            0.004157265967320261,
            0.6538739112435361,
            -0.3199237574939599,
            0.34513022360910406,
            0.2703182680477951,
            -0.1970051699631886,
            -0.7212954655950597,
            55.909573067428894
        ],
        "std": [
            0.07567723063828918,
            0.08803430536572644,
            0.08148022397503006,
            0.2508306265979625,
            0.2648022761119812,
            0.3854837410230891,
            0.3754938071012946,
            0.2920223529128122,
            0.24738022224512513,
            50.33202477640714,
            0.07503533552928704,
            0.09724293629507116,
            0.08600070529344027,
            0.30008317636039833,
            0.3075811822648329,
            0.4078317421603308,
            0.3996191400939264,
            0.3351267582600243,
            0.3095875434347812,
            52.95370883339479
        ]
    }
}