{
  "tag": "good",
  "config": "pi05_v4_awbc",
  "ckpt": "checkpoints/pi05_v4_awbc/pi05_v4_awbc/49999",
  "val": "data/Task_A/self_built/vis_v2_merged_val",
  "n_infer": 1200,
  "n_speed_samples": 58800,
  "pred_median": 0.02655441259412759,
  "gt_median": 0.028162207454442978,
  "median_ratio": 0.9429094873718169,
  "pred_p90": 0.09187410459916931,
  "gt_p90": 0.09827088564634323,
  "p90_ratio": 0.9349066510889642,
  "pred_static_pct": 40.265306122448976,
  "gt_static_pct": 39.156462585034014,
  "pred_mean": 0.040362873496834054,
  "gt_mean": 0.041784558445215225,
  "W1_pred_vs_gt": 0.0041149505095055905,
  "JS_pred_vs_gt": 0.050583802598187025
}