{
  "global": {
    "action": {
      "mean": [
        -1.4477198123931885,
        0.961484432220459,
        0.9137804508209229,
        -0.5910741090774536,
        0.6677550673484802,
        0.9709503650665283,
        0.07701567560434341,
        1.4371883869171143,
        -0.8868818283081055,
        -0.947952926158905,
        0.5698221325874329,
        -0.6439200639724731,
        -1.0584005117416382,
        0.06890491396188736
      ],
      "std": [
        0.38782238960266113,
        0.325153648853302,
        0.5059463977813721,
        0.41551685333251953,
        0.4971298277378082,
        0.4004512429237366,
        0.6715970635414124,
        0.37770509719848633,
        0.29917383193969727,
        0.4440400004386902,
        0.417944997549057,
        0.4611051678657532,
        0.36995929479599,
        0.7878770232200623
      ],
      "min": [
        -3.055912971496582,
        -1.7793054580688477,
        -2.5447540283203125,
        -1.4971227645874023,
        -2.875404119491577,
        -1.7406200170516968,
        -3.140000104904175,
        -2.2613282203674316,
        -2.033689260482788,
        -3.02034068107605,
        -1.4800000190734863,
        -3.111093044281006,
        -1.7506014108657837,
        -3.140000104904175
      ],
      "max": [
        2.5254948139190674,
        1.9766182899475098,
        3.0710623264312744,
        1.4800000190734863,
        3.139925003051758,
        1.7592567205429077,
        3.1398837566375732,
        2.9228146076202393,
        1.3936296701431274,
        2.4132304191589355,
        1.508744478225708,
        3.1399998664855957,
        1.741370439529419,
        3.140000104904175
      ],
      "q01": [
        -2.0733354091644287,
        0.3033333420753479,
        -1.4173566102981567,
        -1.4524918794631958,
        -0.5617673397064209,
        -0.19691535830497742,
        -1.6350324153900146,
        0.35312414169311523,
        -1.6245957612991333,
        -1.904603362083435,
        -0.08495573699474335,
        -1.762030005455017,
        -1.676247000694275,
        -1.9002485275268555
      ],
      "q99": [
        -0.3321987986564636,
        1.6934109926223755,
        1.9185407161712646,
        0.23793917894363403,
        1.897128939628601,
        1.6639209985733032,
        1.7707033157348633,
        2.004176139831543,
        -0.27808821201324463,
        -0.014489835128188133,
        1.4448250532150269,
        0.6554699540138245,
        0.019623706117272377,
        1.9058090448379517
      ]
    }
  }
}