{
  "global": {
    "action": {
      "mean": [
        -0.09675882389180612,
        1.5713334476433178,
        -1.323517279382946,
        -0.09024417146404724,
        0.8215966577111636,
        0.022653268424329364,
        0.02656211145770309,
        0.1341785122395118,
        1.488231387289905,
        -1.4422701029177267,
        0.04824447330671049,
        0.9163927441935478,
        0.007331763869396736,
        0.03410414938651073
      ],
      "std": [
        0.203483971291241,
        0.5044094863605586,
        0.4690125168040269,
        0.30024737756253267,
        0.23396575642503767,
        0.2754102258012318,
        0.03275848045550865,
        0.17941964346045125,
        0.5182530795806239,
        0.5144862471197615,
        0.2783532264485351,
        0.23125087646103054,
        0.24296595371294932,
        0.031958067631241475
      ],
      "min": [
        -1.009920358657837,
        -0.006715939845889807,
        -2.8865458965301514,
        -1.7396726608276367,
        -0.28693634271621704,
        -1.357213020324707,
        -0.004100000020116568,
        -0.4927057921886444,
        -0.004814544226974249,
        -2.971149206161499,
        -1.352066993713379,
        -0.30181607604026794,
        -1.5535975694656372,
        -0.0003499999875202775
      ],
      "max": [
        0.7488709092140198,
        2.8261373043060303,
        -0.3688708245754242,
        1.3178069591522217,
        1.3192896842956543,
        2.0305862426757812,
        0.10000000149011612,
        0.9916216135025024,
        2.879638195037842,
        -0.3970603346824646,
        1.7341952323913574,
        1.2829712629318237,
        1.2750343084335327,
        0.09960000216960907
      ],
      "q01": [
        -0.7069250643253326,
        0.0030701439827680588,
        -2.503405809402466,
        -1.1529541850090026,
        0.2438200280070305,
        -0.5473630905151367,
        -0.0005000000237487257,
        -0.23174354434013367,
        0.004517996218055487,
        -2.6370792388916016,
        -0.646727567911148,
        0.29931112229824075,
        -0.7883292436599731,
        0.0002800000074785203
      ],
      "q99": [
        0.29874593019485474,
        2.422029733657837,
        -0.5084228515625,
        0.5825772881507874,
        1.233709454536438,
        1.086686170101168,
        0.09939999878406525,
        0.6734081506729126,
        2.45283579826355,
        -0.5167785286903381,
        0.8808365225791938,
        1.2363958358764648,
        0.6052719354629517,
        0.09950000047683716
      ]
    },
    "observation.state": {
      "mean": [
        -0.09675882389180612,
        1.5713334476433178,
        -1.323517279382946,
        -0.09024417146404724,
        0.8215966577111636,
        0.022653268424329364,
        0.02656211145770309,
        0.1341785122395118,
        1.488231387289905,
        -1.4422701029177267,
        0.04824447330671049,
        0.9163927441935478,
        0.007331763869396736,
        0.03410414938651073
      ],
      "std": [
        0.203483971291241,
        0.5044094863605586,
        0.4690125168040269,
        0.30024737756253267,
        0.23396575642503767,
        0.2754102258012318,
        0.03275848045550865,
        0.17941964346045125,
        0.5182530795806239,
        0.5144862471197615,
        0.2783532264485351,
        0.23125087646103054,
        0.24296595371294932,
        0.031958067631241475
      ],
      "min": [
        -1.009920358657837,
        -0.006715939845889807,
        -2.8865458965301514,
        -1.7396726608276367,
        -0.28693634271621704,
        -1.357213020324707,
        -0.004100000020116568,
        -0.4927057921886444,
        -0.004814544226974249,
        -2.971149206161499,
        -1.352066993713379,
        -0.30181607604026794,
        -1.5535975694656372,
        -0.0003499999875202775
      ],
      "max": [
        0.7488709092140198,
        2.8261373043060303,
        -0.3688708245754242,
        1.3178069591522217,
        1.3192896842956543,
        2.0305862426757812,
        0.10000000149011612,
        0.9916216135025024,
        2.879638195037842,
        -0.3970603346824646,
        1.7341952323913574,
        1.2829712629318237,
        1.2750343084335327,
        0.09960000216960907
      ],
      "q01": [
        -0.7069250643253326,
        0.0030701439827680588,
        -2.503405809402466,
        -1.1529541850090026,
        0.2438200280070305,
        -0.5473630905151367,
        -0.0005000000237487257,
        -0.23174354434013367,
        0.004517996218055487,
        -2.6370792388916016,
        -0.646727567911148,
        0.29931112229824075,
        -0.7883292436599731,
        0.0002800000074785203
      ],
      "q99": [
        0.29874593019485474,
        2.422029733657837,
        -0.5084228515625,
        0.5825772881507874,
        1.233709454536438,
        1.086686170101168,
        0.09939999878406525,
        0.6734081506729126,
        2.45283579826355,
        -0.5167785286903381,
        0.8808365225791938,
        1.2363958358764648,
        0.6052719354629517,
        0.09950000047683716
      ]
    }
  },
  "n_frames": 262731,
  "n_episodes": 300,
  "action_dim": 14
}