{
  "global": {
    "action": {
      "mean": [
        -0.2518957555294037,
        1.4822707176208496,
        -1.1373049020767212,
        -0.30718308687210083,
        0.8320856094360352,
        0.24404937028884888,
        1.0782434940338135,
        0.2114749401807785,
        1.4805842638015747,
        -1.097062349319458,
        0.4021305739879608,
        0.8760484457015991,
        -0.3240773677825928,
        -0.22114352881908417
      ],
      "std": [
        0.29200124740600586,
        0.9182736277580261,
        0.5951722264289856,
        0.4472002685070038,
        0.2762439548969269,
        0.41409122943878174,
        1.464297890663147,
        0.28728264570236206,
        0.9194439649581909,
        0.5792227387428284,
        0.45664605498313904,
        0.23279045522212982,
        0.3673800230026245,
        1.873482346534729
      ],
      "min": [
        -1.2546567916870117,
        -0.01264722179621458,
        -2.6530001163482666,
        -1.7790000438690186,
        -1.3357385396957397,
        -1.059034824371338,
        -3.141592502593994,
        -0.3405155539512634,
        -0.009472332894802094,
        -2.5850000381469727,
        -1.7382516860961914,
        -0.36874067783355713,
        -1.772146224975586,
        -3.141592502593994
      ],
      "max": [
        0.5199491381645203,
        2.753000020980835,
        -0.06700000166893005,
        1.7047582864761353,
        1.2474347352981567,
        2.1320250034332275,
        3.1410515308380127,
        3.141592502593994,
        2.805000066757202,
        3.141592502593994,
        1.7661627531051636,
        1.2368459701538086,
        1.9713094234466553,
        3.1410515308380127
      ],
      "q01": [
        -1.1464314460754395,
        -0.007169666700065136,
        -2.335968017578125,
        -1.6339999437332153,
        0.08999589085578918,
        -0.4350000023841858,
        -3.114086151123047,
        -0.11783722043037415,
        -0.007000000216066837,
        -2.3589999675750732,
        -0.5511572360992432,
        0.25973033905029297,
        -1.426903247833252,
        -3.1260592937469482
      ],
      "q99": [
        0.12818177044391632,
        2.559000015258789,
        -0.3966692090034485,
        0.3405700623989105,
        1.2191050052642822,
        1.3850539922714233,
        3.1122984886169434,
        1.1212940216064453,
        2.618000030517578,
        -0.3227222263813019,
        1.617134928703308,
        1.215000033378601,
        0.4586842358112335,
        3.1242265701293945
      ]
    }
  }
}