{
  "global": {
    "action": {
      "mean": [
        -0.15619845688343048,
        1.3721928596496582,
        -1.034611701965332,
        -0.17586074769496918,
        0.7531341910362244,
        -0.0021112284157425165,
        0.10211683064699173,
        0.23288661241531372,
        1.2207351922988892,
        -1.0088804960250854,
        0.1047363132238388,
        0.7236882448196411,
        -0.13252145051956177,
        0.17768529057502747
      ],
      "std": [
        0.1893785148859024,
        0.7287307977676392,
        0.616307258605957,
        0.20865166187286377,
        0.3143939673900604,
        0.3292456269264221,
        0.14925193786621094,
        0.2888781428337097,
        0.7643992304801941,
        0.6211223006248474,
        0.18173320591449738,
        0.3506927490234375,
        0.22471004724502563,
        0.1454773098230362
      ],
      "min": [
        -1.3059229850769043,
        -0.009442231617867947,
        -2.9575281143188477,
        -1.7369396686553955,
        -0.6567237377166748,
        -1.3122148513793945,
        -0.04340000078082085,
        -0.6306103467941284,
        -0.009791296906769276,
        -2.966134786605835,
        -0.8295408487319946,
        -0.8410654067993164,
        -1.6520402431488037,
        -0.010412500239908695
      ],
      "max": [
        0.6442108154296875,
        2.8517513275146484,
        0.013526301831007004,
        1.322948694229126,
        1.2328078746795654,
        1.8970115184783936,
        0.6937000155448914,
        1.3022665977478027,
        2.915743827819824,
        0.018151424825191498,
        1.0868350267410278,
        1.2313472032546997,
        1.1488182544708252,
        0.691906213760376
      ],
      "q01": [
        -0.7541742324829102,
        -0.0024434609804302454,
        -2.306778907775879,
        -0.7681358456611633,
        -0.07073985040187836,
        -0.6108434200286865,
        -0.009362499229609966,
        -0.3689223825931549,
        -0.002600540639832616,
        -2.288343667984009,
        -0.3473268449306488,
        -0.2013222724199295,
        -0.8268904089927673,
        -0.001487499917857349
      ],
      "q99": [
        0.18968237936496735,
        2.458557605743408,
        0.007470009382814169,
        0.25750166177749634,
        1.2156906127929688,
        1.091170310974121,
        0.5824000239372253,
        0.917293131351471,
        2.422109842300415,
        0.010629055090248585,
        0.5723414421081543,
        1.2163581848144531,
        0.4498216509819031,
        0.5849812626838684
      ]
    }
  }
}