{
  "global": {
    "action": {
      "mean": [
        -0.3673003315925598,
        1.6374576091766357,
        -0.9433876872062683,
        -0.12167345732450485,
        -0.0845557227730751,
        -0.3211815059185028,
        0.367588609457016,
        0.11538402736186981,
        1.7129862308502197,
        -1.1618530750274658,
        0.11448221653699875,
        0.11804617941379547,
        0.11659542471170425,
        0.39365050196647644
      ],
      "std": [
        0.3074631690979004,
        0.6810227036476135,
        0.5289357304573059,
        0.3756871223449707,
        0.3046400547027588,
        0.2290421575307846,
        0.5912098288536072,
        0.3610152006149292,
        0.5693069696426392,
        0.5385246872901917,
        0.3504545986652374,
        0.2974086403846741,
        0.19178971648216248,
        0.566352367401123
      ],
      "min": [
        -1.5171070098876953,
        -0.013168743811547756,
        -1.9618383646011353,
        -1.5700000524520874,
        -1.277806043624878,
        -1.026233196258545,
        8.597234409535304e-05,
        -1.2732075452804565,
        -0.02845887281000614,
        -1.9987611770629883,
        -1.5700000524520874,
        -0.9697059988975525,
        -0.8605156540870667,
        0.034661706537008286
      ],
      "max": [
        0.6607147455215454,
        2.76572847366333,
        0.04130248352885246,
        1.5700000524520874,
        0.9375962615013123,
        0.7602027654647827,
        1.71737802028656,
        1.385184645652771,
        2.722815990447998,
        0.011393439024686813,
        1.5700000524520874,
        1.3456708192825317,
        1.0569127798080444,
        1.7208548784255981
      ],
      "q01": [
        -1.119256615638733,
        0.0,
        -1.9404857158660889,
        -1.0677450895309448,
        -0.8757724761962891,
        -0.7792622447013855,
        0.027626143768429756,
        -0.751131534576416,
        0.0,
        -1.964857816696167,
        -0.840363621711731,
        -0.6078658103942871,
        -0.37226417660713196,
        0.056557171046733856
      ],
      "q99": [
        0.22596172988414764,
        2.532602310180664,
        0.0,
        0.7853981852531433,
        0.5986435413360596,
        0.26691266894340515,
        1.7127033472061157,
        0.9296454191207886,
        2.501199722290039,
        0.0,
        0.9088309407234192,
        0.8420761227607727,
        0.5629709362983704,
        1.7092550992965698
      ]
    }
  }
}