{
  "global": {
    "action": {
      "mean": [
        0.008336150114884266,
        1.0209674694977366,
        -1.0185321301816868,
        -0.07681076264669495,
        0.7800673102093545,
        0.06992874288454869,
        0.026596410180238728,
        0.13820154452295721,
        1.0628619016361305,
        -1.0730576746629743,
        0.22407355654913308,
        0.8612438595656166,
        -0.13103393964224683,
        0.015664725149564258
      ],
      "std": [
        0.25532079604776037,
        0.7691040407213549,
        0.5185836773136948,
        0.3497900489945733,
        0.23070314736100817,
        0.3286652046323474,
        0.02471587549966748,
        0.27718512994451167,
        0.8036738834384088,
        0.6060466323205229,
        0.34312119928834134,
        0.20379771843395242,
        0.2559894739117195,
        0.025670269872297685
      ],
      "min": [
        -1.2031824588775635,
        -0.0050413161516189575,
        -2.9655323028564453,
        -1.7478538751602173,
        -1.2319650650024414,
        -2.9984664916992188,
        0.0,
        -1.0458375215530396,
        -0.004238891880959272,
        -2.970451593399048,
        -1.1036819219589233,
        -0.3117940425872803,
        -1.5540162324905396,
        0.0
      ],
      "max": [
        0.8856318593025208,
        2.798523426055908,
        0.0,
        1.7465978860855103,
        1.232191801071167,
        2.684998035430908,
        0.07970000058412552,
        1.339577078819275,
        2.708425283432007,
        0.000575651996769011,
        1.7458304166793823,
        1.2281099557876587,
        0.9376847743988037,
        0.0794999971985817
      ],
      "q01": [
        -0.776528388261795,
        0.0,
        -2.2894551753997803,
        -1.3533055782318115,
        0.08564131706953049,
        -0.5529050230979919,
        9.999999747378752e-05,
        -0.4545557498931885,
        0.0,
        -2.4840779304504395,
        -0.37689507007598877,
        0.3618060052394867,
        -0.8785409033298492,
        0.0
      ],
      "q99": [
        0.3665158748626709,
        2.386845111846924,
        -0.44155997037887573,
        0.7140003442764282,
        1.2216731309890747,
        1.2917805910110474,
        0.07970000058412552,
        0.64669269323349,
        2.357870578765869,
        -0.4095502197742462,
        1.0960239171981812,
        1.2221091985702515,
        0.3255311995744705,
        0.0794999971985817
      ]
    },
    "observation.state": {
      "mean": [
        0.008336150114884266,
        1.0209674694977366,
        -1.0185321301816868,
        -0.07681076264669495,
        0.7800673102093545,
        0.06992874288454869,
        0.026596410180238728,
        0.13820154452295721,
        1.0628619016361305,
        -1.0730576746629743,
        0.22407355654913308,
        0.8612438595656166,
        -0.13103393964224683,
        0.015664725149564258
      ],
      "std": [
        0.25532079604776037,
        0.7691040407213549,
        0.5185836773136948,
        0.3497900489945733,
        0.23070314736100817,
        0.3286652046323474,
        0.02471587549966748,
        0.27718512994451167,
        0.8036738834384088,
        0.6060466323205229,
        0.34312119928834134,
        0.20379771843395242,
        0.2559894739117195,
        0.025670269872297685
      ],
      "min": [
        -1.2031824588775635,
        -0.0050413161516189575,
        -2.9655323028564453,
        -1.7478538751602173,
        -1.2319650650024414,
        -2.9984664916992188,
        0.0,
        -1.0458375215530396,
        -0.004238891880959272,
        -2.970451593399048,
        -1.1036819219589233,
        -0.3117940425872803,
        -1.5540162324905396,
        0.0
      ],
      "max": [
        0.8856318593025208,
        2.798523426055908,
        0.0,
        1.7465978860855103,
        1.232191801071167,
        2.684998035430908,
        0.07970000058412552,
        1.339577078819275,
        2.708425283432007,
        0.000575651996769011,
        1.7458304166793823,
        1.2281099557876587,
        0.9376847743988037,
        0.0794999971985817
      ],
      "q01": [
        -0.776528388261795,
        0.0,
        -2.2894551753997803,
        -1.3533055782318115,
        0.08564131706953049,
        -0.5529050230979919,
        9.999999747378752e-05,
        -0.4545557498931885,
        0.0,
        -2.4840779304504395,
        -0.37689507007598877,
        0.3618060052394867,
        -0.8785409033298492,
        0.0
      ],
      "q99": [
        0.3665158748626709,
        2.386845111846924,
        -0.44155997037887573,
        0.7140003442764282,
        1.2216731309890747,
        1.2917805910110474,
        0.07970000058412552,
        0.64669269323349,
        2.357870578765869,
        -0.4095502197742462,
        1.0960239171981812,
        1.2221091985702515,
        0.3255311995744705,
        0.0794999971985817
      ]
    }
  },
  "n_frames": 464751,
  "n_episodes": 250,
  "action_dim": 14
}