{
  "global": {
    "action": {
      "mean": [
        -0.0003492624947950054,
        -0.0005535599307440056,
        0.00035147636876776267,
        0.00030941061840041945,
        0.00010237477688972373,
        -0.0003181330249961928,
        0.02539653436073265,
        3.2453641953290726e-05,
        -0.0006330876537881108,
        0.0003434807199987843,
        -0.00027483985842883597,
        9.017328628320223e-05,
        0.00017013242631361115,
        0.020554812356793444
      ],
      "std": [
        0.05073088391117057,
        0.1470876701180667,
        0.1425547042226007,
        0.10890307589917472,
        0.1034640545159669,
        0.09044389161713233,
        0.027977550664785418,
        0.04223340396779219,
        0.13675205921470138,
        0.1448585979435158,
        0.07335733207998708,
        0.08094125684829184,
        0.052301462369948606,
        0.027413821007436504
      ],
      "min": [
        -1.02694571018219,
        -2.111857794225216,
        -1.7698508501052856,
        -1.568407490849495,
        -1.4635341465473175,
        -1.8526574969291687,
        0.0,
        -1.3906530886888504,
        -1.6103429198265076,
        -1.4625048637390137,
        -1.5517310500144958,
        -1.2506475299596786,
        -1.9479714557528496,
        0.0
      ],
      "max": [
        0.7398175084963441,
        1.6597791910171509,
        2.067933887243271,
        2.211550295352936,
        1.215968906879425,
        1.4937297403812408,
        0.07970000058412552,
        1.0430465266108513,
        1.7439464926719666,
        2.1502870321273804,
        1.2862507700920105,
        0.933498203754425,
        1.5539813190698624,
        0.0794999971985817
      ],
      "q01": [
        -0.20664180371910323,
        -0.5021778646111489,
        -0.45502668619155884,
        -0.320254385471344,
        -0.3738772277534008,
        -0.32519103594124316,
        9.999999747378752e-05,
        -0.14349433779716492,
        -0.41541141271591187,
        -0.4670456650853157,
        -0.2696842483431101,
        -0.32560968413949015,
        -0.16706115007400513,
        0.0
      ],
      "q99": [
        0.1670437530428171,
        0.4859200716018677,
        0.5229885578155518,
        0.4038634748756885,
        0.33183717764914034,
        0.2856455008685589,
        0.07970000058412552,
        0.1467912664078176,
        0.4920603632926941,
        0.5485616868734321,
        0.21764877447858452,
        0.24386709928512573,
        0.1685613692551851,
        0.0794999971985817
      ]
    },
    "observation.state": {
      "mean": [
        -0.05984035770097805,
        1.3292492333634274,
        -1.1945063714636035,
        -0.06482804529426163,
        0.7701968860595224,
        0.07494861858483653,
        0.025303299293942424,
        0.041137878212855694,
        1.3940373476829808,
        -1.2779585365514894,
        0.31563189509885,
        0.8871448533910464,
        -0.19075461602408503,
        0.020476528467854315
      ],
      "std": [
        0.24712594813377003,
        0.622488979424793,
        0.48647698220996516,
        0.39231081891075775,
        0.25754772461626885,
        0.3684598613622886,
        0.027963621470088757,
        0.2240074050603936,
        0.6219720171975205,
        0.5744375469407403,
        0.32617175666584686,
        0.22605680654575094,
        0.24629387326259802,
        0.027385201832031924
      ],
      "min": [
        -1.2665390968322754,
        -0.005128535907715559,
        -2.968759536743164,
        -1.750819444656372,
        -1.2319650650024414,
        -2.9984664916992188,
        0.0,
        -1.0866390466690063,
        -0.003663240000605583,
        -2.969404935836792,
        -1.2891813516616821,
        -0.36227700114250183,
        -2.084296226501465,
        0.0
      ],
      "max": [
        0.8856318593025208,
        2.795924425125122,
        0.0,
        1.746911883354187,
        1.232191801071167,
        2.9857499599456787,
        0.07970000058412552,
        1.1976003646850586,
        2.655971050262451,
        0.00038376799784600735,
        1.7445744276046753,
        1.2284587621688843,
        0.988377034664154,
        0.0794999971985817
      ],
      "q01": [
        -0.7967547178268433,
        0.0,
        -2.347979784011841,
        -1.4251063716411592,
        0.05988525226712227,
        -0.6130344867706299,
        9.999999747378752e-05,
        -0.4675515294075012,
        0.0,
        -2.5209546089172363,
        -0.41801056265830994,
        0.33799493312835693,
        -0.9237121343612671,
        0.0
      ],
      "q99": [
        0.39662423729896545,
        2.408581175804139,
        -0.44155997037887573,
        0.7511217463016515,
        1.2218475341796875,
        1.3519099950790405,
        0.07970000058412552,
        0.7115423285961165,
        2.392253208160401,
        -0.3987175226211548,
        1.106403112411499,
        1.2223185300827026,
        0.3504504728317266,
        0.0794999971985817
      ]
    }
  },
  "n_frames": 6831200,
  "n_episodes": 300,
  "action_dim": 14,
  "action_repr": "delta",
  "delta_mask": [
    true,
    true,
    true,
    true,
    true,
    true,
    false,
    true,
    true,
    true,
    true,
    true,
    true,
    false
  ],
  "delta_chunk": 16
}