{"state_01": [-0.6671632528305054, -0.00038376799784600735, -2.785719633102417, -0.6731016635894775, 0.28971031308174133, -0.44347095489501953, -0.004100000020116568, -0.15882761776447296, 0.0015350719913840294, -2.8274457454681396, -0.40140530467033386, 0.3023901581764221, -0.7145352363586426, 0.0], "state_99": [0.09752940386533737, 2.448530435562134, -0.5515443682670593, 0.5653753876686096, 1.2045605182647705, 0.7207708954811096, 0.08460000157356262, 0.7741298079490662, 2.365393877029419, -0.4449615478515625, 0.6041179895401001, 1.2251269817352295, 0.27555203437805176, 0.09960000216960907]}