{
  "ds": "xvla",
  "readout": "transition back1",
  "n_eps": 168,
  "M": 21,
  "corr_mean": 0.9736040157730343,
  "corr_median": 0.9766941965199725,
  "frac_corr_ge_0.7": 1.0
}