{
  "norm_stats": {
    "observation.state": {
      "mean": [
        -0.04924360425391322,
        1.2808686600168007,
        -1.1677546557777292,
        -0.06392676462396439,
        0.7732041067543419,
        0.06864966468711324,
        0.025647703881546784,
        0.051128894502825095,
        1.3444039605455862,
        -1.237340619273589,
        0.3016107002969718,
        0.879282090592194,
        -0.18534924410620188,
        0.01946617516786431
      ],
      "std": [
        0.24778906099759967,
        0.6619323570860084,
        0.49497095773759237,
        0.3798206188872393,
        0.24926748252255573,
        0.35131519196909416,
        0.027703068114305607,
        0.23686456692454863,
        0.6708293591349799,
        0.5812335447886068,
        0.3346166096398177,
        0.22294222582238182,
        0.2505828459054231,
        0.02724940821071293
      ],
      "q01": [
        -0.7794441581368446,
        -0.00022050258517265255,
        -2.3255928535461425,
        -1.359727560043335,
        0.0956862753868104,
        -0.5993969619750974,
        0.00009564000070095064,
        -0.4768797493934631,
        -0.0015190582419745626,
        -2.5266632155423054,
        -0.4219918195724488,
        0.3377259147047996,
        -0.8972800088405608,
        0.0
      ],
      "q99": [
        0.4245354249954223,
        2.4095864252448083,
        -0.4419812948703763,
        0.7372157230377199,
        1.2213819776535035,
        1.302861728668213,
        0.0796840605840087,
        0.6971891183853152,
        2.3963971499586476,
        -0.40313096554577355,
        1.107253973007202,
        1.2217887182593345,
        0.3513554192066195,
        0.07948409719914197
      ]
    },
    "action": {
      "mean": [
        -0.0010743353393600629,
        -0.002141209825108466,
        0.0012792869744638466,
        0.0006418542134812499,
        0.0006113999570982835,
        -0.0007678651900504068,
        0.02561364735126495,
        0.00032351666476203056,
        -0.002119674561042443,
        0.0011095233832722773,
        -0.0011841526885715292,
        8.657664626316068e-6,
        0.000580649075283522,
        0.019448707810379346
      ],
      "std": [
        0.11291297419800608,
        0.3567101481282797,
        0.31783075025265056,
        0.23304689122790534,
        0.2061553992566303,
        0.1946388643105111,
        0.027688592222746597,
        0.09088660056217378,
        0.3266066722746959,
        0.33026236314367247,
        0.1561376314162376,
        0.16759210456626275,
        0.11386471285461877,
        0.027246341302617143
      ],
      "q01": [
        -0.5390939974784851,
        -1.2300892090797424,
        -0.9383933284759522,
        -0.6937148523330685,
        -0.6972475037574768,
        -0.7401097507476808,
        0.00009564000070095064,
        -0.31093568420410156,
        -0.9219337024211884,
        -1.0109901006698607,
        -0.5866514971256256,
        -0.5919622239112854,
        -0.3718807386398315,
        0.0
      ],
      "q99": [
        0.3493736329078676,
        1.0803851552486416,
        1.0894359375476839,
        0.9103516745567326,
        0.6341404400348667,
        0.626723621368408,
        0.0796840605840087,
        0.32640067586898813,
        1.1298171171665192,
        1.1163725952148438,
        0.47167947769165064,
        0.4777523838996889,
        0.37095860199928277,
        0.07948409719914197
      ]
    }
  }
}