{
  "norm_stats": {
    "observation.state": {
      "mean": [
        -0.09652720316981754,
        1.5850431614164369,
        -1.3323108961132903,
        -0.09307958737637585,
        0.8151808424246094,
        0.02691866630437767,
        0.026305468626887766,
        0.1270983898524858,
        1.4877379981015968,
        -1.436727452096877,
        0.04847222397102011,
        0.9115177806843868,
        -0.0013875639717337,
        0.03760582448627781
      ],
      "std": [
        0.20692924417194355,
        0.5036256733805453,
        0.47532168103896666,
        0.29985199538552715,
        0.23507429716063033,
        0.27336988149455577,
        0.03260123781551607,
        0.18108784617363574,
        0.5266316331387773,
        0.5196475535709587,
        0.27851313495971297,
        0.2337217947072021,
        0.2498539162603156,
        2.494251083710805
      ],
      "q01": [
        -0.6976378617286682,
        0.003231410058774054,
        -2.5183580368041993,
        -1.1639761157274247,
        0.22055347051620489,
        -0.5255290009498597,
        -0.0008006997603923083,
        -0.21862039697170255,
        0.004234966963995248,
        -2.664698151063919,
        -0.6302802607536315,
        0.28416396150588974,
        -0.8227818927288055,
        -0.0004199999966658652
      ],
      "q99": [
        0.2967563769817354,
        2.4228443109087645,
        -0.5097242115020748,
        0.581162786960602,
        1.2317394172668457,
        1.0793741773128507,
        0.09939390148259698,
        0.6773368967771529,
        2.4494128907639534,
        -0.5143860523700714,
        0.9371538204908374,
        1.2356950782775877,
        0.6005585040092472,
        -0.0004199999966658652
      ]
    },
    "action": {
      "mean": [
        -0.0065795547715124985,
        0.016391608446625208,
        -0.014871228465574956,
        -0.0001741499017706017,
        0.0008950994399256179,
        -0.0015145837288953149,
        0.02687224223973654,
        0.006250219740670526,
        0.018866783017746542,
        -0.028215391771216822,
        -0.001844946515409449,
        0.0011036097176006922,
        0.001063020987241592,
        0.03573727813275064
      ],
      "std": [
        0.13154543619121295,
        0.4300236503956985,
        11.75392272573973,
        0.19814922774898727,
        0.2024478803562415,
        0.1637055904833231,
        0.674268984585846,
        13.32161656662821,
        0.4508919365534742,
        0.38434309690964985,
        0.18033954442327635,
        0.19059957824520193,
        0.2462447916995038,
        1.6102177018954922
      ],
      "q01": [
        -0.5676721742153168,
        -1.0219098443984984,
        -2.226813793182373,
        -0.605535837173462,
        -0.6287399336814881,
        -0.4923488709449768,
        -0.0044999998062849045,
        -1.437437891960144,
        -1.055210795402527,
        -1.1590200684070588,
        -0.5803392801523208,
        -0.5649477708339692,
        -0.5765779672384497,
        -0.0005000000237487257
      ],
      "q99": [
        0.36525417757034284,
        1.3540435581207277,
        -2.226813793182373,
        0.6298014688491822,
        0.5305725295543668,
        0.4981370408058168,
        -0.0044999998062849045,
        -1.437437891960144,
        1.4100793434143064,
        1.006893478822708,
        0.5360495631694793,
        0.5227890717983246,
        0.36705373938082175,
        -0.0005000000237487257
      ]
    }
  }
}