{
  "norm_stats": {
    "observation.state": {
      "mean": [
        -0.049259710850082454,
        1.280419554861143,
        -1.1667551048164864,
        -0.06384917597907537,
        0.7730631235259098,
        0.06866151837610035,
        0.02563624777967667,
        0.05130126904070752,
        1.344274507836267,
        -1.2371788959174521,
        0.30128252537640066,
        0.878990818508175,
        -0.1853968743271376,
        0.019504067307228312
      ],
      "std": [
        0.24774245517202065,
        0.6617102935469973,
        0.4945616865750747,
        0.3797735072290657,
        0.24973971708340295,
        0.3514188602533003,
        0.027675343313427133,
        0.23674354451946586,
        0.6707234644391603,
        0.5814539186439011,
        0.33433687295523834,
        0.22281983871744174,
        0.25084058787792207,
        0.027272912756111562
      ],
      "q01": [
        -0.7789578565955162,
        -0.0004404954366385933,
        -2.322030734032707,
        -1.3590168724060059,
        0.09154390621185304,
        -0.5989525029659273,
        0.00009564000070095064,
        -0.4758898093700409,
        -0.0011585399012081325,
        -2.5272575430681927,
        -0.4206540744066237,
        0.3380858751296997,
        -0.8999459758281707,
        0.0
      ],
      "q99": [
        0.4231634615659712,
        2.4063492618450897,
        -0.441825601451157,
        0.7406251263856887,
        1.2214649980545045,
        1.305308471488952,
        0.0796840605840087,
        0.6986740284204485,
        2.3948953016757035,
        -0.4025366380198858,
        1.1058115257024768,
        1.2217887182593345,
        0.3517208077430727,
        0.07948409719914197
      ]
    },
    "action": {
      "mean": [
        -0.0011145561791479773,
        -0.0018726160070219138,
        0.001043381789747034,
        0.0005471840892113033,
        0.00040211219459432166,
        -0.0006946239827978067,
        0.025614234278049198,
        0.0003621520473410264,
        -0.0021338738910662053,
        0.0011097767914442715,
        -0.0009554340663420836,
        0.0001254779704023281,
        0.000514149946677903,
        0.019490488489594567
      ],
      "std": [
        0.11271785360768469,
        0.3558322378532874,
        0.3177613529372659,
        0.23228422635695126,
        0.2061376909690663,
        0.1938019632473874,
        0.027671660521526607,
        0.0908952860888914,
        0.32639417780539554,
        0.32979537328611963,
        0.15619056075168006,
        0.16756645776002047,
        0.11413555968321805,
        0.027269470395398135
      ],
      "q01": [
        -0.536681394803524,
        -1.2230019063569604,
        -0.936353262424469,
        -0.6889546070337298,
        -0.6978518935680389,
        -0.7348273245513439,
        0.00009564000070095064,
        -0.3112143424049021,
        -0.9224050721184585,
        -1.0101182605266572,
        -0.5866878957271575,
        -0.5910561226844788,
        -0.3742980848193169,
        0.0
      ],
      "q99": [
        0.3487872049450875,
        1.0773167424693706,
        1.0898718082189558,
        0.9062417991638183,
        0.6357615258216858,
        0.6240823819756507,
        0.0796840605840087,
        0.3261566033929584,
        1.1300050730613873,
        1.1152772812366485,
        0.47219109888076805,
        0.47937170237302773,
        0.37136350719928757,
        0.07948409719914197
      ]
    }
  }
}