{
  "n_metric_eps": 200,
  "latency": {
    "action_ms": 487.54286766052246,
    "video_ms": 760.5954011281332
  },
  "raw_mae": {
    "1": 0.005206265911692753,
    "10": 0.02922599746224781,
    "24": 0.05782707709421325,
    "48": 0.09048022478081597
  },
  "pi05": {
    "1": 0.0219,
    "10": 0.0425,
    "24": 0.0743,
    "48": 0.1155
  }
}