{
  "n_metric_eps": 200,
  "latency": {
    "action_ms": 250.9895324707031,
    "video_ms": 685.7666174570719
  },
  "raw_mae": {
    "1": 0.006346874829808561,
    "10": 0.02877927304119415,
    "24": 0.05808949162950739,
    "48": 0.09324058778477289
  },
  "pi05": {
    "1": 0.0219,
    "10": 0.0425,
    "24": 0.0743,
    "48": 0.1155
  }
}