{
  "norm_stats": {
    "state": {
      "mean": [
        -0.0739141477852293,
        1.416720014798508,
        -1.2398929769207356,
        -0.1658038225851603,
        0.7903105496798695,
        0.12277081263514666,
        0.025540760281521822,
        0.0739141477852293,
        1.4167200147985077,
        -1.2398929769207356,
        0.1658038225851603,
        0.7903105496798695,
        -0.12277081263514666,
        0.025540760281521822,
        0.0,
        0.0,
        0.0,
        0.0,
        0.0,
        0.0,
        0.0,
        0.0,
        0.0,
        0.0,
        0.0,
        0.0,
        0.0,
        0.0,
        0.0,
        0.0,
        0.0,
        0.0
      ],
      "std": [
        0.22261585638198889,
        0.5250765596679744,
        0.45985225674038144,
        0.33638917510310684,
        0.2295871886905663,
        0.2649240866629445,
        0.02869311681276208,
        0.22261585638198428,
        0.5250765596679635,
        0.4598522567403362,
        0.3363891751030943,
        0.2295871886905677,
        0.26492408666293776,
        0.028693116812776163,
        1e-8,
        1e-8,
        1e-8,
        1e-8,
        1e-8,
        1e-8,
        1e-8,
        1e-8,
        1e-8,
        1e-8,
        1e-8,
        1e-8,
        1e-8,
        1e-8,
        1e-8,
        1e-8,
        1e-8,
        1e-8
      ],
      "q01": [
        -0.7678953677415847,
        0.04432520270347595,
        -2.2669873237609863,
        -0.9885593295097351,
        0.23135191947221756,
        -0.3494521647691727,
        0.0,
        -0.32145804166793823,
        0.04432520270347595,
        -2.2669873237609863,
        -0.5462414026260376,
        0.23135191947221756,
        -0.9168915152549744,
        0.0,
        0.0,
        0.0,
        0.0,
        0.0,
        0.0,
        0.0,
        0.0,
        0.0,
        0.0,
        0.0,
        0.0,
        0.0,
        0.0,
        0.0,
        0.0,
        0.0,
        0.0,
        0.0
      ],
      "q99": [
        0.32145804166793823,
        2.319996213912965,
        -0.4181152284145355,
        0.5462414026260376,
        1.2214288711547852,
        0.9168915152549744,
        0.07970000058412552,
        0.7678953677415864,
        2.319996213912965,
        -0.4181152284145355,
        0.9885593295097354,
        1.2214288711547852,
        0.34945216476917346,
        0.07970000058412552,
        0.0,
        0.0,
        0.0,
        0.0,
        0.0,
        0.0,
        0.0,
        0.0,
        0.0,
        0.0,
        0.0,
        0.0,
        0.0,
        0.0,
        0.0,
        0.0,
        0.0,
        0.0
      ]
    },
    "actions": {
      "mean": [
        -0.0739141477852293,
        1.416720014798508,
        -1.2398929769207356,
        -0.1658038225851603,
        0.7903105496798695,
        0.12277081263514666,
        0.025540760281521822,
        0.0739141477852293,
        1.4167200147985077,
        -1.2398929769207356,
        0.1658038225851603,
        0.7903105496798695,
        -0.12277081263514666,
        0.025540760281521822,
        0.0,
        0.0,
        0.0,
        0.0,
        0.0,
        0.0,
        0.0,
        0.0,
        0.0,
        0.0,
        0.0,
        0.0,
        0.0,
        0.0,
        0.0,
        0.0,
        0.0,
        0.0
      ],
      "std": [
        0.22261585638198889,
        0.5250765596679744,
        0.45985225674038144,
        0.33638917510310684,
        0.2295871886905663,
        0.2649240866629445,
        0.02869311681276208,
        0.22261585638198428,
        0.5250765596679635,
        0.4598522567403362,
        0.3363891751030943,
        0.2295871886905677,
        0.26492408666293776,
        0.028693116812776163,
        1e-8,
        1e-8,
        1e-8,
        1e-8,
        1e-8,
        1e-8,
        1e-8,
        1e-8,
        1e-8,
        1e-8,
        1e-8,
        1e-8,
        1e-8,
        1e-8,
        1e-8,
        1e-8,
        1e-8,
        1e-8
      ],
      "q01": [
        -0.7678953677415847,
        0.04432520270347595,
        -2.2669873237609863,
        -0.9885593295097351,
        0.23135191947221756,
        -0.3494521647691727,
        0.0,
        -0.32145804166793823,
        0.04432520270347595,
        -2.2669873237609863,
        -0.5462414026260376,
        0.23135191947221756,
        -0.9168915152549744,
        0.0,
        0.0,
        0.0,
        0.0,
        0.0,
        0.0,
        0.0,
        0.0,
        0.0,
        0.0,
        0.0,
        0.0,
        0.0,
        0.0,
        0.0,
        0.0,
        0.0,
        0.0,
        0.0
      ],
      "q99": [
        0.32145804166793823,
        2.319996213912965,
        -0.4181152284145355,
        0.5462414026260376,
        1.2214288711547852,
        0.9168915152549744,
        0.07970000058412552,
        0.7678953677415864,
        2.319996213912965,
        -0.4181152284145355,
        0.9885593295097354,
        1.2214288711547852,
        0.34945216476917346,
        0.07970000058412552,
        0.0,
        0.0,
        0.0,
        0.0,
        0.0,
        0.0,
        0.0,
        0.0,
        0.0,
        0.0,
        0.0,
        0.0,
        0.0,
        0.0,
        0.0,
        0.0,
        0.0,
        0.0
      ]
    }
  }
}